"","V1","Participant","Word","Validity","Condition","Round","Group"
"1",0,"Participant_1","tab",1,"Individual",1,"11"
"2",1,"Participant_1","late",1,"Individual",1,"11"
"3",2,"Participant_1","west",1,"Individual",1,"11"
"4",3,"Participant_1","last",1,"Individual",1,"11"
"5",4,"Participant_1","labs",1,"Individual",1,"11"
"6",5,"Participant_1","swat",1,"Individual",1,"11"
"7",6,"Participant_1","sweat",1,"Individual",1,"11"
"8",7,"Participant_1","teal",1,"Individual",1,"11"
"9",9,"Participant_1","bale",1,"Individual",1,"11"
"10",10,"Participant_1","belt",1,"Individual",1,"11"
"11",12,"Participant_1","blast",1,"Individual",1,"11"
"12",14,"Participant_1","wats",1,"Individual",1,"11"
"13",15,"Participant_1","blew",1,"Individual",1,"11"
"14",17,"Participant_1","tesla",1,"Individual",1,"11"
"15",20,"Participant_1","tale",1,"Individual",1,"11"
"16",21,"Participant_1","wast",1,"Individual",1,"11"
"17",22,"Participant_1","table",1,"Individual",1,"11"
"18",23,"Participant_1","tables",1,"Individual",1,"11"
"19",24,"Participant_1","bales",1,"Individual",1,"11"
"20",26,"Participant_1","steal",1,"Individual",1,"11"
"21",0,"Participant_2","east",1,"Individual",1,"9"
"22",1,"Participant_2","west",1,"Individual",1,"9"
"23",2,"Participant_2","was",1,"Individual",1,"9"
"24",3,"Participant_2","best",1,"Individual",1,"9"
"25",4,"Participant_2","table",1,"Individual",1,"9"
"26",6,"Participant_2","bal",1,"Individual",1,"9"
"27",7,"Participant_2","sea",1,"Individual",1,"9"
"28",8,"Participant_2","web",1,"Individual",1,"9"
"29",9,"Participant_2","bat",1,"Individual",1,"9"
"30",10,"Participant_2","last",1,"Individual",1,"9"
"31",11,"Participant_2","sat",1,"Individual",1,"9"
"32",12,"Participant_2","law",1,"Individual",1,"9"
"33",13,"Participant_2","saw",1,"Individual",1,"9"
"34",16,"Participant_2","sweat",1,"Individual",1,"9"
"35",17,"Participant_2","als",1,"Individual",1,"9"
"36",20,"Participant_2","stale",1,"Individual",1,"9"
"37",21,"Participant_2","steal",1,"Individual",1,"9"
"38",22,"Participant_2","beat",1,"Individual",1,"9"
"39",23,"Participant_2","bat",1,"Individual",1,"9"
"40",24,"Participant_2","bas",1,"Individual",1,"9"
"41",25,"Participant_2","salt",1,"Individual",1,"9"
"42",26,"Participant_2","wat",1,"Individual",1,"9"
"43",27,"Participant_2","teal",1,"Individual",1,"9"
"44",28,"Participant_2","seal",1,"Individual",1,"9"
"45",29,"Participant_2","least",1,"Individual",1,"9"
"46",32,"Participant_2","last",1,"Individual",1,"9"
"47",34,"Participant_2","welt",1,"Individual",1,"9"
"48",35,"Participant_2","bats",1,"Individual",1,"9"
"49",36,"Participant_2","wet",1,"Individual",1,"9"
"50",37,"Participant_2","wets",1,"Individual",1,"9"
"51",38,"Participant_2","beat",1,"Individual",1,"9"
"52",39,"Participant_2","beats",1,"Individual",1,"9"
"53",42,"Participant_2","tables",1,"Individual",1,"9"
"54",43,"Participant_2","tables",1,"Individual",1,"9"
"55",44,"Participant_2","bats",1,"Individual",1,"9"
"56",45,"Participant_2","tabs",1,"Individual",1,"9"
"57",46,"Participant_2","eat",1,"Individual",1,"9"
"58",47,"Participant_2","tea",1,"Individual",1,"9"
"59",49,"Participant_2","beats",1,"Individual",1,"9"
"60",50,"Participant_2","labs",1,"Individual",1,"9"
"61",53,"Participant_2","seat",1,"Individual",1,"9"
"62",0,"Participant_3","sweat",1,"Individual",1,"10"
"63",1,"Participant_3","let",1,"Individual",1,"10"
"64",2,"Participant_3","lets",1,"Individual",1,"10"
"65",3,"Participant_3","bas",1,"Individual",1,"10"
"66",4,"Participant_3","base",1,"Individual",1,"10"
"67",5,"Participant_3","table",1,"Individual",1,"10"
"68",6,"Participant_3","tabs",1,"Individual",1,"10"
"69",7,"Participant_3","west",1,"Individual",1,"10"
"70",8,"Participant_3","sea",1,"Individual",1,"10"
"71",9,"Participant_3","seal",1,"Individual",1,"10"
"72",11,"Participant_3","best",1,"Individual",1,"10"
"73",12,"Participant_3","set",1,"Individual",1,"10"
"74",13,"Participant_3","was",1,"Individual",1,"10"
"75",14,"Participant_3","wet",1,"Individual",1,"10"
"76",15,"Participant_3","bat",1,"Individual",1,"10"
"77",16,"Participant_3","alt",1,"Individual",1,"10"
"78",17,"Participant_3","at",1,"Individual",1,"10"
"79",18,"Participant_3","law",1,"Individual",1,"10"
"80",19,"Participant_3","wet",1,"Individual",1,"10"
"81",20,"Participant_3","saw",1,"Individual",1,"10"
"82",21,"Participant_3","sew",1,"Individual",1,"10"
"83",22,"Participant_3","ale",1,"Individual",1,"10"
"84",23,"Participant_3","sale",1,"Individual",1,"10"
"85",24,"Participant_3","salt",1,"Individual",1,"10"
"86",25,"Participant_3","tea",1,"Individual",1,"10"
"87",26,"Participant_3","eat",1,"Individual",1,"10"
"88",27,"Participant_3","belt",1,"Individual",1,"10"
"89",28,"Participant_3","waste",1,"Individual",1,"10"
"90",29,"Participant_3","blew",1,"Individual",1,"10"
"91",30,"Participant_3","blast",1,"Individual",1,"10"
"92",31,"Participant_3","east",1,"Individual",1,"10"
"93",33,"Participant_3","least",1,"Individual",1,"10"
"94",34,"Participant_3","last",1,"Individual",1,"10"
"95",0,"Participant_4","west",1,"Individual",1,"12"
"96",1,"Participant_4","lab",1,"Individual",1,"12"
"97",2,"Participant_4","labs",1,"Individual",1,"12"
"98",3,"Participant_4","sat",1,"Individual",1,"12"
"99",4,"Participant_4","seat",1,"Individual",1,"12"
"100",5,"Participant_4","let",1,"Individual",1,"12"
"101",6,"Participant_4","lets",1,"Individual",1,"12"
"102",8,"Participant_4","east",1,"Individual",1,"12"
"103",9,"Participant_4","least",1,"Individual",1,"12"
"104",10,"Participant_4","tab",1,"Individual",1,"12"
"105",11,"Participant_4","tabs",1,"Individual",1,"12"
"106",12,"Participant_4","sew",1,"Individual",1,"12"
"107",13,"Participant_4","saw",1,"Individual",1,"12"
"108",14,"Participant_4","was",1,"Individual",1,"12"
"109",15,"Participant_4","wast",1,"Individual",1,"12"
"110",16,"Participant_4","wat",1,"Individual",1,"12"
"111",18,"Participant_4","waste",1,"Individual",1,"12"
"112",19,"Participant_4","bat",1,"Individual",1,"12"
"113",20,"Participant_4","bats",1,"Individual",1,"12"
"114",21,"Participant_4","lat",1,"Individual",1,"12"
"115",23,"Participant_4","best",1,"Individual",1,"12"
"116",24,"Participant_4","last",1,"Individual",1,"12"
"117",25,"Participant_4","we",1,"Individual",1,"12"
"118",26,"Participant_4","wet",1,"Individual",1,"12"
"119",27,"Participant_4","wets",1,"Individual",1,"12"
"120",28,"Participant_4","at",1,"Individual",1,"12"
"121",29,"Participant_4","beast",1,"Individual",1,"12"
"122",30,"Participant_4","bas",1,"Individual",1,"12"
"123",31,"Participant_4","base",1,"Individual",1,"12"
"124",32,"Participant_4","as",1,"Individual",1,"12"
"125",33,"Participant_4","abs",1,"Individual",1,"12"
"126",34,"Participant_4","belt",1,"Individual",1,"12"
"127",35,"Participant_4","belts",1,"Individual",1,"12"
"128",36,"Participant_4","sea",1,"Individual",1,"12"
"129",37,"Participant_4","salt",1,"Individual",1,"12"
"130",38,"Participant_4","last",1,"Individual",1,"12"
"131",39,"Participant_4","wast",1,"Individual",1,"12"
"132",41,"Participant_4","law",1,"Individual",1,"12"
"133",42,"Participant_4","laws",1,"Individual",1,"12"
"134",43,"Participant_4","bets",1,"Individual",1,"12"
"135",44,"Participant_4","sweat",1,"Individual",1,"12"
"136",45,"Participant_4","stew",1,"Individual",1,"12"
"137",46,"Participant_4","stew",1,"Individual",1,"12"
"138",47,"Participant_4","slaw",1,"Individual",1,"12"
"139",0,"Participant_5","stab",1,"Individual",1,"4"
"140",1,"Participant_5","bas",1,"Individual",1,"4"
"141",2,"Participant_5","west",1,"Individual",1,"4"
"142",3,"Participant_5","lab",1,"Individual",1,"4"
"143",4,"Participant_5","saw",1,"Individual",1,"4"
"144",5,"Participant_5","bat",1,"Individual",1,"4"
"145",6,"Participant_5","tab",1,"Individual",1,"4"
"146",7,"Participant_5","saw",1,"Individual",1,"4"
"147",8,"Participant_5","stew",1,"Individual",1,"4"
"148",9,"Participant_5","table",1,"Individual",1,"4"
"149",10,"Participant_5","tables",1,"Individual",1,"4"
"150",11,"Participant_5","labs",1,"Individual",1,"4"
"151",12,"Participant_5","salt",1,"Individual",1,"4"
"152",13,"Participant_5","last",1,"Individual",1,"4"
"153",14,"Participant_5","blast",1,"Individual",1,"4"
"154",15,"Participant_5","tesla",1,"Individual",1,"4"
"155",16,"Participant_5","base",1,"Individual",1,"4"
"156",17,"Participant_5","bats",1,"Individual",1,"4"
"157",18,"Participant_5","saw",1,"Individual",1,"4"
"158",19,"Participant_5","least",1,"Individual",1,"4"
"159",20,"Participant_5","last",1,"Individual",1,"4"
"160",21,"Participant_5","least",1,"Individual",1,"4"
"161",22,"Participant_5","beast",1,"Individual",1,"4"
"162",23,"Participant_5","beat",1,"Individual",1,"4"
"163",24,"Participant_5","sweat",1,"Individual",1,"4"
"164",0,"Participant_6","west",1,"Individual",1,"6"
"165",1,"Participant_6","set",1,"Individual",1,"6"
"166",3,"Participant_6","swat",1,"Individual",1,"6"
"167",4,"Participant_6","blew",1,"Individual",1,"6"
"168",5,"Participant_6","sew",1,"Individual",1,"6"
"169",6,"Participant_6","stab",1,"Individual",1,"6"
"170",7,"Participant_6","web",1,"Individual",1,"6"
"171",8,"Participant_6","bat",1,"Individual",1,"6"
"172",9,"Participant_6","bats",1,"Individual",1,"6"
"173",10,"Participant_6","lab",1,"Individual",1,"6"
"174",11,"Participant_6","labs",1,"Individual",1,"6"
"175",13,"Participant_6","wat",1,"Individual",1,"6"
"176",14,"Participant_6","law",1,"Individual",1,"6"
"177",15,"Participant_6","laws",1,"Individual",1,"6"
"178",16,"Participant_6","saw",1,"Individual",1,"6"
"179",17,"Participant_6","bas",1,"Individual",1,"6"
"180",18,"Participant_6","base",1,"Individual",1,"6"
"181",19,"Participant_6","lase",1,"Individual",1,"6"
"182",20,"Participant_6","let",1,"Individual",1,"6"
"183",21,"Participant_6","lets",1,"Individual",1,"6"
"184",23,"Participant_6","seat",1,"Individual",1,"6"
"185",24,"Participant_6","sweat",1,"Individual",1,"6"
"186",25,"Participant_6","bal",1,"Individual",1,"6"
"187",27,"Participant_6","steal",1,"Individual",1,"6"
"188",29,"Participant_6","beat",1,"Individual",1,"6"
"189",30,"Participant_6","beats",1,"Individual",1,"6"
"190",32,"Participant_6","tew",1,"Individual",1,"6"
"191",33,"Participant_6","taw",1,"Individual",1,"6"
"192",35,"Participant_6","late",1,"Individual",1,"6"
"193",36,"Participant_6","blate",1,"Individual",1,"6"
"194",37,"Participant_6","slab",1,"Individual",1,"6"
"195",38,"Participant_6","slaw",1,"Individual",1,"6"
"196",40,"Participant_6","es",1,"Individual",1,"6"
"197",41,"Participant_6","tesla",1,"Individual",1,"6"
"198",46,"Participant_6","table",1,"Individual",1,"6"
"199",47,"Participant_6","tables",1,"Individual",1,"6"
"200",48,"Participant_6","wabs",1,"Individual",1,"6"
"201",51,"Participant_6","swab",1,"Individual",1,"6"
"202",0,"Participant_7","base",1,"Individual",1,"12"
"203",2,"Participant_7","lab",1,"Individual",1,"12"
"204",3,"Participant_7","tabs",1,"Individual",1,"12"
"205",4,"Participant_7","tab",1,"Individual",1,"12"
"206",5,"Participant_7","set",1,"Individual",1,"12"
"207",6,"Participant_7","was",1,"Individual",1,"12"
"208",8,"Participant_7","west",1,"Individual",1,"12"
"209",9,"Participant_7","law",1,"Individual",1,"12"
"210",10,"Participant_7","we",1,"Individual",1,"12"
"211",11,"Participant_7","east",1,"Individual",1,"12"
"212",12,"Participant_7","stab",1,"Individual",1,"12"
"213",14,"Participant_7","stew",1,"Individual",1,"12"
"214",15,"Participant_7","steal",1,"Individual",1,"12"
"215",16,"Participant_7","sweat",1,"Individual",1,"12"
"216",17,"Participant_7","bat",1,"Individual",1,"12"
"217",18,"Participant_7","bats",1,"Individual",1,"12"
"218",19,"Participant_7","labs",1,"Individual",1,"12"
"219",21,"Participant_7","web",1,"Individual",1,"12"
"220",22,"Participant_7","webs",1,"Individual",1,"12"
"221",23,"Participant_7","as",1,"Individual",1,"12"
"222",0,"Participant_8","alt",1,"Individual",1,"4"
"223",2,"Participant_8","west",1,"Individual",1,"4"
"224",3,"Participant_8","set",1,"Individual",1,"4"
"225",4,"Participant_8","salt",1,"Individual",1,"4"
"226",6,"Participant_8","swat",1,"Individual",1,"4"
"227",7,"Participant_8","blew",1,"Individual",1,"4"
"228",8,"Participant_8","best",1,"Individual",1,"4"
"229",9,"Participant_8","sea",1,"Individual",1,"4"
"230",10,"Participant_8","sew",1,"Individual",1,"4"
"231",11,"Participant_8","stew",1,"Individual",1,"4"
"232",12,"Participant_8","stab",1,"Individual",1,"4"
"233",13,"Participant_8","law",1,"Individual",1,"4"
"234",14,"Participant_8","slaw",1,"Individual",1,"4"
"235",15,"Participant_8","last",1,"Individual",1,"4"
"236",16,"Participant_8","lab",1,"Individual",1,"4"
"237",17,"Participant_8","labs",1,"Individual",1,"4"
"238",18,"Participant_8","east",1,"Individual",1,"4"
"239",19,"Participant_8","seat",1,"Individual",1,"4"
"240",20,"Participant_8","blew",1,"Individual",1,"4"
"241",21,"Participant_8","blast",1,"Individual",1,"4"
"242",22,"Participant_8","tesla",1,"Individual",1,"4"
"243",23,"Participant_8","swab",1,"Individual",1,"4"
"244",0,"Participant_9","table",1,"Individual",1,"6"
"245",1,"Participant_9","tables",1,"Individual",1,"6"
"246",2,"Participant_9","bat",1,"Individual",1,"6"
"247",3,"Participant_9","bats",1,"Individual",1,"6"
"248",4,"Participant_9","stab",1,"Individual",1,"6"
"249",5,"Participant_9","tab",1,"Individual",1,"6"
"250",6,"Participant_9","tabs",1,"Individual",1,"6"
"251",7,"Participant_9","late",1,"Individual",1,"6"
"252",8,"Participant_9","last",1,"Individual",1,"6"
"253",9,"Participant_9","law",1,"Individual",1,"6"
"254",10,"Participant_9","laws",1,"Individual",1,"6"
"255",11,"Participant_9","blast",1,"Individual",1,"6"
"256",12,"Participant_9","beast",1,"Individual",1,"6"
"257",13,"Participant_9","best",1,"Individual",1,"6"
"258",14,"Participant_9","west",1,"Individual",1,"6"
"259",15,"Participant_9","wet",1,"Individual",1,"6"
"260",16,"Participant_9","wets",1,"Individual",1,"6"
"261",17,"Participant_9","bas",1,"Individual",1,"6"
"262",18,"Participant_9","steal",1,"Individual",1,"6"
"263",19,"Participant_9","least",1,"Individual",1,"6"
"264",20,"Participant_9","tea",1,"Individual",1,"6"
"265",21,"Participant_9","teas",1,"Individual",1,"6"
"266",22,"Participant_9","seat",1,"Individual",1,"6"
"267",23,"Participant_9","sweat",1,"Individual",1,"6"
"268",24,"Participant_9","belt",1,"Individual",1,"6"
"269",25,"Participant_9","belts",1,"Individual",1,"6"
"270",26,"Participant_9","lab",1,"Individual",1,"6"
"271",27,"Participant_9","labs",1,"Individual",1,"6"
"272",28,"Participant_9","blast",1,"Individual",1,"6"
"273",29,"Participant_9","saw",1,"Individual",1,"6"
"274",30,"Participant_9","wast",1,"Individual",1,"6"
"275",31,"Participant_9","waste",1,"Individual",1,"6"
"276",32,"Participant_9","was",1,"Individual",1,"6"
"277",33,"Participant_9","sale",1,"Individual",1,"6"
"278",34,"Participant_9","eat",1,"Individual",1,"6"
"279",35,"Participant_9","east",1,"Individual",1,"6"
"280",36,"Participant_9","salt",1,"Individual",1,"6"
"281",37,"Participant_9","blew",1,"Individual",1,"6"
"282",38,"Participant_9","beast",1,"Individual",1,"6"
"283",39,"Participant_9","tab",1,"Individual",1,"6"
"284",40,"Participant_9","tabs",1,"Individual",1,"6"
"285",41,"Participant_9","bet",1,"Individual",1,"6"
"286",42,"Participant_9","bets",1,"Individual",1,"6"
"287",43,"Participant_9","stab",1,"Individual",1,"6"
"288",0,"Participant_10","lab",1,"Individual",1,"5"
"289",1,"Participant_10","labs",1,"Individual",1,"5"
"290",2,"Participant_10","base",1,"Individual",1,"5"
"291",3,"Participant_10","was",1,"Individual",1,"5"
"292",4,"Participant_10","law",1,"Individual",1,"5"
"293",5,"Participant_10","laws",1,"Individual",1,"5"
"294",6,"Participant_10","salt",1,"Individual",1,"5"
"295",7,"Participant_10","bat",1,"Individual",1,"5"
"296",9,"Participant_10","set",1,"Individual",1,"5"
"297",10,"Participant_10","saw",1,"Individual",1,"5"
"298",11,"Participant_10","sew",1,"Individual",1,"5"
"299",12,"Participant_10","late",1,"Individual",1,"5"
"300",13,"Participant_10","waste",1,"Individual",1,"5"
"301",14,"Participant_10","bes",1,"Individual",1,"5"
"302",15,"Participant_10","let",1,"Individual",1,"5"
"303",16,"Participant_10","bet",1,"Individual",1,"5"
"304",17,"Participant_10","wet",1,"Individual",1,"5"
"305",18,"Participant_10","set",1,"Individual",1,"5"
"306",20,"Participant_10","west",1,"Individual",1,"5"
"307",21,"Participant_10","last",1,"Individual",1,"5"
"308",22,"Participant_10","awe",1,"Individual",1,"5"
"309",23,"Participant_10","tale",1,"Individual",1,"5"
"310",24,"Participant_10","tales",1,"Individual",1,"5"
"311",25,"Participant_10","last",1,"Individual",1,"5"
"312",28,"Participant_10","blew",1,"Individual",1,"5"
"313",29,"Participant_10","blast",1,"Individual",1,"5"
"314",30,"Participant_10","alt",1,"Individual",1,"5"
"315",31,"Participant_10","ate",1,"Individual",1,"5"
"316",33,"Participant_10","aw",1,"Individual",1,"5"
"317",0,"Participant_11","salt",1,"Individual",1,"2"
"318",1,"Participant_11","tab",1,"Individual",1,"2"
"319",2,"Participant_11","bale",1,"Individual",1,"2"
"320",3,"Participant_11","stale",1,"Individual",1,"2"
"321",4,"Participant_11","table",1,"Individual",1,"2"
"322",5,"Participant_11","tables",1,"Individual",1,"2"
"323",6,"Participant_11","wat",1,"Individual",1,"2"
"324",7,"Participant_11","la",1,"Individual",1,"2"
"325",8,"Participant_11","law",1,"Individual",1,"2"
"326",9,"Participant_11","laws",1,"Individual",1,"2"
"327",10,"Participant_11","slate",1,"Individual",1,"2"
"328",12,"Participant_11","tesla",1,"Individual",1,"2"
"329",13,"Participant_11","sale",1,"Individual",1,"2"
"330",15,"Participant_11","late",1,"Individual",1,"2"
"331",16,"Participant_11","lat",1,"Individual",1,"2"
"332",17,"Participant_11","able",1,"Individual",1,"2"
"333",18,"Participant_11","sweat",1,"Individual",1,"2"
"334",19,"Participant_11","tea",1,"Individual",1,"2"
"335",20,"Participant_11","ate",1,"Individual",1,"2"
"336",21,"Participant_11","ale",1,"Individual",1,"2"
"337",22,"Participant_11","teas",1,"Individual",1,"2"
"338",23,"Participant_11","be",1,"Individual",1,"2"
"339",25,"Participant_11","awe",1,"Individual",1,"2"
"340",0,"Participant_12","west",1,"Individual",1,"nan"
"341",1,"Participant_12","lets",1,"Individual",1,"nan"
"342",2,"Participant_12","blast",1,"Individual",1,"nan"
"343",3,"Participant_12","set",1,"Individual",1,"nan"
"344",4,"Participant_12","let",1,"Individual",1,"nan"
"345",5,"Participant_12","bet",1,"Individual",1,"nan"
"346",6,"Participant_12","bat",1,"Individual",1,"nan"
"347",7,"Participant_12","wet",1,"Individual",1,"nan"
"348",8,"Participant_12","tab",1,"Individual",1,"nan"
"349",9,"Participant_12","wat",1,"Individual",1,"nan"
"350",10,"Participant_12","bets",1,"Individual",1,"nan"
"351",14,"Participant_12","bals",1,"Individual",1,"nan"
"352",16,"Participant_12","sal",1,"Individual",1,"nan"
"353",17,"Participant_12","sel",1,"Individual",1,"nan"
"354",19,"Participant_12","blew",1,"Individual",1,"nan"
"355",20,"Participant_12","belt",1,"Individual",1,"nan"
"356",21,"Participant_12","swat",1,"Individual",1,"nan"
"357",23,"Participant_12","swab",1,"Individual",1,"nan"
"358",24,"Participant_12","web",1,"Individual",1,"nan"
"359",25,"Participant_12","sweat",1,"Individual",1,"nan"
"360",26,"Participant_12","bats",1,"Individual",1,"nan"
"361",27,"Participant_12","tabs",1,"Individual",1,"nan"
"362",30,"Participant_12","belts",1,"Individual",1,"nan"
"363",0,"Participant_13","table",1,"Individual",1,"1"
"364",2,"Participant_13","tesla",1,"Individual",1,"1"
"365",3,"Participant_13","west",1,"Individual",1,"1"
"366",5,"Participant_13","sweat",1,"Individual",1,"1"
"367",6,"Participant_13","seat",1,"Individual",1,"1"
"368",7,"Participant_13","tea",1,"Individual",1,"1"
"369",8,"Participant_13","belt",1,"Individual",1,"1"
"370",9,"Participant_13","bet",1,"Individual",1,"1"
"371",10,"Participant_13","was",1,"Individual",1,"1"
"372",11,"Participant_13","wet",1,"Individual",1,"1"
"373",0,"Participant_14","wet",1,"Individual",1,"8"
"374",1,"Participant_14","lab",1,"Individual",1,"8"
"375",2,"Participant_14","sew",1,"Individual",1,"8"
"376",3,"Participant_14","bat",1,"Individual",1,"8"
"377",4,"Participant_14","tab",1,"Individual",1,"8"
"378",5,"Participant_14","law",1,"Individual",1,"8"
"379",6,"Participant_14","set",1,"Individual",1,"8"
"380",7,"Participant_14","seal",1,"Individual",1,"8"
"381",8,"Participant_14","sat",1,"Individual",1,"8"
"382",9,"Participant_14","late",1,"Individual",1,"8"
"383",10,"Participant_14","saw",1,"Individual",1,"8"
"384",11,"Participant_14","let",1,"Individual",1,"8"
"385",12,"Participant_14","lets",1,"Individual",1,"8"
"386",13,"Participant_14","bats",1,"Individual",1,"8"
"387",14,"Participant_14","tabs",1,"Individual",1,"8"
"388",15,"Participant_14","late",1,"Individual",1,"8"
"389",16,"Participant_14","labs",1,"Individual",1,"8"
"390",17,"Participant_14","teal",1,"Individual",1,"8"
"391",18,"Participant_14","tea",1,"Individual",1,"8"
"392",19,"Participant_14","teas",1,"Individual",1,"8"
"393",20,"Participant_14","best",1,"Individual",1,"8"
"394",21,"Participant_14","sale",1,"Individual",1,"8"
"395",22,"Participant_14","tales",1,"Individual",1,"8"
"396",23,"Participant_14","tale",1,"Individual",1,"8"
"397",24,"Participant_14","beat",1,"Individual",1,"8"
"398",25,"Participant_14","beats",1,"Individual",1,"8"
"399",26,"Participant_14","abs",1,"Individual",1,"8"
"400",27,"Participant_14","ale",1,"Individual",1,"8"
"401",28,"Participant_14","sat",1,"Individual",1,"8"
"402",29,"Participant_14","awe",1,"Individual",1,"8"
"403",30,"Participant_14","stew",1,"Individual",1,"8"
"404",31,"Participant_14","stab",1,"Individual",1,"8"
"405",32,"Participant_14","swab",1,"Individual",1,"8"
"406",33,"Participant_14","sweat",1,"Individual",1,"8"
"407",34,"Participant_14","stale",1,"Individual",1,"8"
"408",35,"Participant_14","blew",1,"Individual",1,"8"
"409",36,"Participant_14","blast",1,"Individual",1,"8"
"410",37,"Participant_14","swat",1,"Individual",1,"8"
"411",38,"Participant_14","laws",1,"Individual",1,"8"
"412",39,"Participant_14","base",1,"Individual",1,"8"
"413",40,"Participant_14","sale",1,"Individual",1,"8"
"414",41,"Participant_14","teal",1,"Individual",1,"8"
"415",42,"Participant_14","last",1,"Individual",1,"8"
"416",43,"Participant_14","waste",1,"Individual",1,"8"
"417",46,"Participant_14","table",1,"Individual",1,"8"
"418",47,"Participant_14","tables",1,"Individual",1,"8"
"419",48,"Participant_14","tales",1,"Individual",1,"8"
"420",49,"Participant_14","west",1,"Individual",1,"8"
"421",50,"Participant_14","least",1,"Individual",1,"8"
"422",52,"Participant_14","beast",1,"Individual",1,"8"
"423",53,"Participant_14","steal",1,"Individual",1,"8"
"424",0,"Participant_15","late",1,"Individual",1,"13"
"425",1,"Participant_15","west",1,"Individual",1,"13"
"426",2,"Participant_15","lest",1,"Individual",1,"13"
"427",3,"Participant_15","sat",1,"Individual",1,"13"
"428",4,"Participant_15","bat",1,"Individual",1,"13"
"429",5,"Participant_15","bats",1,"Individual",1,"13"
"430",6,"Participant_15","was",1,"Individual",1,"13"
"431",7,"Participant_15","bet",1,"Individual",1,"13"
"432",8,"Participant_15","bets",1,"Individual",1,"13"
"433",9,"Participant_15","law",1,"Individual",1,"13"
"434",10,"Participant_15","laws",1,"Individual",1,"13"
"435",11,"Participant_15","base",1,"Individual",1,"13"
"436",12,"Participant_15","bale",1,"Individual",1,"13"
"437",13,"Participant_15","atlas",1,"Individual",1,"13"
"438",14,"Participant_15","bat",1,"Individual",1,"13"
"439",15,"Participant_15","best",1,"Individual",1,"13"
"440",16,"Participant_15","last",1,"Individual",1,"13"
"441",17,"Participant_15","test",1,"Individual",1,"13"
"442",18,"Participant_15","tabel",1,"Individual",1,"13"
"443",19,"Participant_15","table",1,"Individual",1,"13"
"444",20,"Participant_15","tesla",1,"Individual",1,"13"
"445",21,"Participant_15","labs",1,"Individual",1,"13"
"446",22,"Participant_15","lab",1,"Individual",1,"13"
"447",23,"Participant_15","set",1,"Individual",1,"13"
"448",24,"Participant_15","sets",1,"Individual",1,"13"
"449",25,"Participant_15","salt",1,"Individual",1,"13"
"450",26,"Participant_15","salts",1,"Individual",1,"13"
"451",27,"Participant_15","able",1,"Individual",1,"13"
"452",28,"Participant_15","awe",1,"Individual",1,"13"
"453",29,"Participant_15","last",1,"Individual",1,"13"
"454",30,"Participant_15","swat",1,"Individual",1,"13"
"455",0,"Participant_16","sew",1,"Individual",1,"7"
"456",1,"Participant_16","table",1,"Individual",1,"7"
"457",2,"Participant_16","salt",1,"Individual",1,"7"
"458",3,"Participant_16","be",1,"Individual",1,"7"
"459",4,"Participant_16","tab",1,"Individual",1,"7"
"460",5,"Participant_16","bal",1,"Individual",1,"7"
"461",6,"Participant_16","bat",1,"Individual",1,"7"
"462",7,"Participant_16","bas",1,"Individual",1,"7"
"463",8,"Participant_16","saw",1,"Individual",1,"7"
"464",9,"Participant_16","sat",1,"Individual",1,"7"
"465",10,"Participant_16","sea",1,"Individual",1,"7"
"466",11,"Participant_16","law",1,"Individual",1,"7"
"467",12,"Participant_16","lab",1,"Individual",1,"7"
"468",13,"Participant_16","west",1,"Individual",1,"7"
"469",14,"Participant_16","able",1,"Individual",1,"7"
"470",15,"Participant_16","stew",1,"Individual",1,"7"
"471",16,"Participant_16","aw",1,"Individual",1,"7"
"472",17,"Participant_16","awe",1,"Individual",1,"7"
"473",18,"Participant_16","belt",1,"Individual",1,"7"
"474",19,"Participant_16","at",1,"Individual",1,"7"
"475",20,"Participant_16","ate",1,"Individual",1,"7"
"476",23,"Participant_16","bate",1,"Individual",1,"7"
"477",24,"Participant_16","sable",1,"Individual",1,"7"
"478",25,"Participant_16","sat",1,"Individual",1,"7"
"479",26,"Participant_16","lab",1,"Individual",1,"7"
"480",27,"Participant_16","was",1,"Individual",1,"7"
"481",0,"Participant_17","wale",1,"Individual",1,"1"
"482",1,"Participant_17","wales",1,"Individual",1,"1"
"483",2,"Participant_17","sale",1,"Individual",1,"1"
"484",3,"Participant_17","salt",1,"Individual",1,"1"
"485",4,"Participant_17","sew",1,"Individual",1,"1"
"486",5,"Participant_17","west",1,"Individual",1,"1"
"487",6,"Participant_17","belt",1,"Individual",1,"1"
"488",7,"Participant_17","bas",1,"Individual",1,"1"
"489",8,"Participant_17","base",1,"Individual",1,"1"
"490",9,"Participant_17","last",1,"Individual",1,"1"
"491",10,"Participant_17","law",1,"Individual",1,"1"
"492",11,"Participant_17","laws",1,"Individual",1,"1"
"493",12,"Participant_17","saw",1,"Individual",1,"1"
"494",14,"Participant_17","waste",1,"Individual",1,"1"
"495",15,"Participant_17","bat",1,"Individual",1,"1"
"496",16,"Participant_17","lab",1,"Individual",1,"1"
"497",17,"Participant_17","stale",1,"Individual",1,"1"
"498",18,"Participant_17","steal",1,"Individual",1,"1"
"499",19,"Participant_17","seal",1,"Individual",1,"1"
"500",20,"Participant_17","wet",1,"Individual",1,"1"
"501",21,"Participant_17","tesla",1,"Individual",1,"1"
"502",22,"Participant_17","web",1,"Individual",1,"1"
"503",23,"Participant_17","webs",1,"Individual",1,"1"
"504",24,"Participant_17","set",1,"Individual",1,"1"
"505",25,"Participant_17","was",1,"Individual",1,"1"
"506",26,"Participant_17","tab",1,"Individual",1,"1"
"507",27,"Participant_17","tabs",1,"Individual",1,"1"
"508",28,"Participant_17","table",1,"Individual",1,"1"
"509",29,"Participant_17","tables",1,"Individual",1,"1"
"510",30,"Participant_17","late",1,"Individual",1,"1"
"511",31,"Participant_17","slate",1,"Individual",1,"1"
"512",32,"Participant_17","swat",1,"Individual",1,"1"
"513",33,"Participant_17","stew",1,"Individual",1,"1"
"514",34,"Participant_17","bet",1,"Individual",1,"1"
"515",35,"Participant_17","bets",1,"Individual",1,"1"
"516",36,"Participant_17","teal",1,"Individual",1,"1"
"517",37,"Participant_17","swab",1,"Individual",1,"1"
"518",38,"Participant_17","sab",1,"Individual",1,"1"
"519",39,"Participant_17","stab",1,"Individual",1,"1"
"520",40,"Participant_17","bale",1,"Individual",1,"1"
"521",41,"Participant_17","bales",1,"Individual",1,"1"
"522",42,"Participant_17","sweat",1,"Individual",1,"1"
"523",43,"Participant_17","awe",1,"Individual",1,"1"
"524",44,"Participant_17","awes",1,"Individual",1,"1"
"525",45,"Participant_17","tales",1,"Individual",1,"1"
"526",48,"Participant_17","sable",1,"Individual",1,"1"
"527",49,"Participant_17","sat",1,"Individual",1,"1"
"528",50,"Participant_17","seat",1,"Individual",1,"1"
"529",51,"Participant_17","beats",1,"Individual",1,"1"
"530",52,"Participant_17","beat",1,"Individual",1,"1"
"531",53,"Participant_17","let",1,"Individual",1,"1"
"532",0,"Participant_18","sew",1,"Individual",1,"10"
"533",1,"Participant_18","saw",1,"Individual",1,"10"
"534",2,"Participant_18","set",1,"Individual",1,"10"
"535",3,"Participant_18","eat",1,"Individual",1,"10"
"536",4,"Participant_18","eats",1,"Individual",1,"10"
"537",5,"Participant_18","awe",1,"Individual",1,"10"
"538",6,"Participant_18","wet",1,"Individual",1,"10"
"539",7,"Participant_18","sweat",1,"Individual",1,"10"
"540",8,"Participant_18","swab",1,"Individual",1,"10"
"541",9,"Participant_18","swat",1,"Individual",1,"10"
"542",10,"Participant_18","set",1,"Individual",1,"10"
"543",11,"Participant_18","sat",1,"Individual",1,"10"
"544",12,"Participant_18","tea",1,"Individual",1,"10"
"545",13,"Participant_18","teal",1,"Individual",1,"10"
"546",14,"Participant_18","teas",1,"Individual",1,"10"
"547",15,"Participant_18","tab",1,"Individual",1,"10"
"548",16,"Participant_18","tabs",1,"Individual",1,"10"
"549",17,"Participant_18","bat",1,"Individual",1,"10"
"550",18,"Participant_18","bats",1,"Individual",1,"10"
"551",19,"Participant_18","beat",1,"Individual",1,"10"
"552",20,"Participant_18","beats",1,"Individual",1,"10"
"553",21,"Participant_18","lab",1,"Individual",1,"10"
"554",22,"Participant_18","labs",1,"Individual",1,"10"
"555",23,"Participant_18","let",1,"Individual",1,"10"
"556",24,"Participant_18","lets",1,"Individual",1,"10"
"557",25,"Participant_18","seat",1,"Individual",1,"10"
"558",26,"Participant_18","sea",1,"Individual",1,"10"
"559",27,"Participant_18","awe",1,"Individual",1,"10"
"560",28,"Participant_18","at",1,"Individual",1,"10"
"561",29,"Participant_18","abs",1,"Individual",1,"10"
"562",31,"Participant_18","seat",1,"Individual",1,"10"
"563",32,"Participant_18","seal",1,"Individual",1,"10"
"564",0,"Participant_19","bat",1,"Individual",1,"9"
"565",1,"Participant_19","tesla",1,"Individual",1,"9"
"566",2,"Participant_19","west",1,"Individual",1,"9"
"567",3,"Participant_19","ale",1,"Individual",1,"9"
"568",4,"Participant_19","bale",1,"Individual",1,"9"
"569",5,"Participant_19","sale",1,"Individual",1,"9"
"570",6,"Participant_19","wale",1,"Individual",1,"9"
"571",7,"Participant_19","east",1,"Individual",1,"9"
"572",9,"Participant_19","table",1,"Individual",1,"9"
"573",10,"Participant_19","sable",1,"Individual",1,"9"
"574",11,"Participant_19","able",1,"Individual",1,"9"
"575",12,"Participant_19","tab",1,"Individual",1,"9"
"576",13,"Participant_19","tabs",1,"Individual",1,"9"
"577",14,"Participant_19","table",1,"Individual",1,"9"
"578",15,"Participant_19","tables",1,"Individual",1,"9"
"579",16,"Participant_19","at",1,"Individual",1,"9"
"580",18,"Participant_19","et",1,"Individual",1,"9"
"581",19,"Participant_19","tea",1,"Individual",1,"9"
"582",20,"Participant_19","was",1,"Individual",1,"9"
"583",21,"Participant_19","waste",1,"Individual",1,"9"
"584",22,"Participant_19","best",1,"Individual",1,"9"
"585",24,"Participant_19","blast",1,"Individual",1,"9"
"586",25,"Participant_19","lab",1,"Individual",1,"9"
"587",27,"Participant_19","bas",1,"Individual",1,"9"
"588",28,"Participant_19","blew",1,"Individual",1,"9"
"589",29,"Participant_19","wet",1,"Individual",1,"9"
"590",31,"Participant_19","wet",1,"Individual",1,"9"
"591",32,"Participant_19","web",1,"Individual",1,"9"
"592",33,"Participant_19","webs",1,"Individual",1,"9"
"593",34,"Participant_19","last",1,"Individual",1,"9"
"594",35,"Participant_19","blast",1,"Individual",1,"9"
"595",36,"Participant_19","bat",1,"Individual",1,"9"
"596",37,"Participant_19","bet",1,"Individual",1,"9"
"597",38,"Participant_19","sweat",1,"Individual",1,"9"
"598",39,"Participant_19","swat",1,"Individual",1,"9"
"599",43,"Participant_19","tale",1,"Individual",1,"9"
"600",44,"Participant_19","tales",1,"Individual",1,"9"
"601",45,"Participant_19","late",1,"Individual",1,"9"
"602",49,"Participant_19","least",1,"Individual",1,"9"
"603",50,"Participant_19","beat",1,"Individual",1,"9"
"604",51,"Participant_19","beast",1,"Individual",1,"9"
"605",0,"Participant_20","late",1,"Individual",1,"11"
"606",1,"Participant_20","bat",1,"Individual",1,"11"
"607",2,"Participant_20","wet",1,"Individual",1,"11"
"608",3,"Participant_20","sew",1,"Individual",1,"11"
"609",4,"Participant_20","lab",1,"Individual",1,"11"
"610",5,"Participant_20","labs",1,"Individual",1,"11"
"611",6,"Participant_20","tab",1,"Individual",1,"11"
"612",7,"Participant_20","tabs",1,"Individual",1,"11"
"613",8,"Participant_20","law",1,"Individual",1,"11"
"614",9,"Participant_20","laws",1,"Individual",1,"11"
"615",10,"Participant_20","set",1,"Individual",1,"11"
"616",11,"Participant_20","let",1,"Individual",1,"11"
"617",12,"Participant_20","bawl",1,"Individual",1,"11"
"618",13,"Participant_20","best",1,"Individual",1,"11"
"619",15,"Participant_20","as",1,"Individual",1,"11"
"620",16,"Participant_20","at",1,"Individual",1,"11"
"621",17,"Participant_20","set",1,"Individual",1,"11"
"622",18,"Participant_20","web",1,"Individual",1,"11"
"623",19,"Participant_20","webs",1,"Individual",1,"11"
"624",20,"Participant_20","let",1,"Individual",1,"11"
"625",21,"Participant_20","lets",1,"Individual",1,"11"
"626",22,"Participant_20","bet",1,"Individual",1,"11"
"627",23,"Participant_20","bets",1,"Individual",1,"11"
"628",24,"Participant_20","bats",1,"Individual",1,"11"
"629",25,"Participant_20","was",1,"Individual",1,"11"
"630",26,"Participant_20","saw",1,"Individual",1,"11"
"631",27,"Participant_20","sat",1,"Individual",1,"11"
"632",28,"Participant_20","bas",1,"Individual",1,"11"
"633",29,"Participant_20","be",1,"Individual",1,"11"
"634",30,"Participant_20","laws",1,"Individual",1,"11"
"635",31,"Participant_20","tel",1,"Individual",1,"11"
"636",32,"Participant_20","west",1,"Individual",1,"11"
"637",33,"Participant_20","lest",1,"Individual",1,"11"
"638",34,"Participant_20","last",1,"Individual",1,"11"
"639",35,"Participant_20","bast",1,"Individual",1,"11"
"640",36,"Participant_20","alt",1,"Individual",1,"11"
"641",38,"Participant_20","abs",1,"Individual",1,"11"
"642",39,"Participant_20","aw",1,"Individual",1,"11"
"643",40,"Participant_20","awe",1,"Individual",1,"11"
"644",41,"Participant_20","tesla",1,"Individual",1,"11"
"645",42,"Participant_20","swab",1,"Individual",1,"11"
"646",43,"Participant_20","swat",1,"Individual",1,"11"
"647",45,"Participant_20","belt",1,"Individual",1,"11"
"648",46,"Participant_20","belts",1,"Individual",1,"11"
"649",47,"Participant_20","welt",1,"Individual",1,"11"
"650",48,"Participant_20","salt",1,"Individual",1,"11"
"651",49,"Participant_20","blew",1,"Individual",1,"11"
"652",0,"Participant_21","west",1,"Individual",1,"8"
"653",1,"Participant_21","bat",1,"Individual",1,"8"
"654",2,"Participant_21","set",1,"Individual",1,"8"
"655",3,"Participant_21","best",1,"Individual",1,"8"
"656",6,"Participant_21","lab",1,"Individual",1,"8"
"657",7,"Participant_21","bas",1,"Individual",1,"8"
"658",9,"Participant_21","web",1,"Individual",1,"8"
"659",10,"Participant_21","sale",1,"Individual",1,"8"
"660",11,"Participant_21","tale",1,"Individual",1,"8"
"661",12,"Participant_21","bale",1,"Individual",1,"8"
"662",13,"Participant_21","wet",1,"Individual",1,"8"
"663",14,"Participant_21","seal",1,"Individual",1,"8"
"664",15,"Participant_21","table",1,"Individual",1,"8"
"665",16,"Participant_21","tables",1,"Individual",1,"8"
"666",17,"Participant_21","labs",1,"Individual",1,"8"
"667",19,"Participant_21","bet",1,"Individual",1,"8"
"668",20,"Participant_21","alt",1,"Individual",1,"8"
"669",0,"Participant_22","west",1,"Individual",1,"3"
"670",1,"Participant_22","lab",1,"Individual",1,"3"
"671",2,"Participant_22","bale",1,"Individual",1,"3"
"672",3,"Participant_22","tale",1,"Individual",1,"3"
"673",4,"Participant_22","sale",1,"Individual",1,"3"
"674",5,"Participant_22","base",1,"Individual",1,"3"
"675",7,"Participant_22","sweat",1,"Individual",1,"3"
"676",8,"Participant_22","let",1,"Individual",1,"3"
"677",9,"Participant_22","tabs",1,"Individual",1,"3"
"678",11,"Participant_22","best",1,"Individual",1,"3"
"679",12,"Participant_22","last",1,"Individual",1,"3"
"680",13,"Participant_22","steal",1,"Individual",1,"3"
"681",15,"Participant_22","salt",1,"Individual",1,"3"
"682",16,"Participant_22","slat",1,"Individual",1,"3"
"683",19,"Participant_22","bat",1,"Individual",1,"3"
"684",20,"Participant_22","least",1,"Individual",1,"3"
"685",0,"Participant_23","last",1,"Individual",1,"5"
"686",1,"Participant_23","sweat",1,"Individual",1,"5"
"687",2,"Participant_23","lab",1,"Individual",1,"5"
"688",3,"Participant_23","labs",1,"Individual",1,"5"
"689",7,"Participant_23","blew",1,"Individual",1,"5"
"690",8,"Participant_23","law",1,"Individual",1,"5"
"691",9,"Participant_23","laws",1,"Individual",1,"5"
"692",10,"Participant_23","blast",1,"Individual",1,"5"
"693",11,"Participant_23","stab",1,"Individual",1,"5"
"694",12,"Participant_23","west",1,"Individual",1,"5"
"695",13,"Participant_23","stew",1,"Individual",1,"5"
"696",15,"Participant_23","bat",1,"Individual",1,"5"
"697",16,"Participant_23","bats",1,"Individual",1,"5"
"698",17,"Participant_23","bet",1,"Individual",1,"5"
"699",18,"Participant_23","bets",1,"Individual",1,"5"
"700",19,"Participant_23","last",1,"Individual",1,"5"
"701",20,"Participant_23","blew",1,"Individual",1,"5"
"702",21,"Participant_23","sew",1,"Individual",1,"5"
"703",23,"Participant_23","lase",1,"Individual",1,"5"
"704",24,"Participant_23","set",1,"Individual",1,"5"
"705",25,"Participant_23","sat",1,"Individual",1,"5"
"706",26,"Participant_23","bas",1,"Individual",1,"5"
"707",27,"Participant_23","law",1,"Individual",1,"5"
"708",28,"Participant_23","tea",1,"Individual",1,"5"
"709",29,"Participant_23","labs",1,"Individual",1,"5"
"710",30,"Participant_23","set",1,"Individual",1,"5"
"711",34,"Participant_23","let",1,"Individual",1,"5"
"712",35,"Participant_23","lets",1,"Individual",1,"5"
"713",37,"Participant_23","saw",1,"Individual",1,"5"
"714",38,"Participant_23","wat",1,"Individual",1,"5"
"715",39,"Participant_23","beat",1,"Individual",1,"5"
"716",40,"Participant_23","beats",1,"Individual",1,"5"
"717",41,"Participant_23","blew",1,"Individual",1,"5"
"718",0,"Participant_24","west",1,"Individual",1,"3"
"719",1,"Participant_24","sweat",1,"Individual",1,"3"
"720",2,"Participant_24","base",1,"Individual",1,"3"
"721",3,"Participant_24","tesla",1,"Individual",1,"3"
"722",4,"Participant_24","swat",1,"Individual",1,"3"
"723",5,"Participant_24","table",1,"Individual",1,"3"
"724",7,"Participant_24","lab",1,"Individual",1,"3"
"725",8,"Participant_24","late",1,"Individual",1,"3"
"726",9,"Participant_24","least",1,"Individual",1,"3"
"727",10,"Participant_24","tables",1,"Individual",1,"3"
"728",11,"Participant_24","labs",1,"Individual",1,"3"
"729",12,"Participant_24","tab",1,"Individual",1,"3"
"730",13,"Participant_24","tabs",1,"Individual",1,"3"
"731",14,"Participant_24","bat",1,"Individual",1,"3"
"732",15,"Participant_24","late",1,"Individual",1,"3"
"733",16,"Participant_24","slate",1,"Individual",1,"3"
"734",17,"Participant_24","swab",1,"Individual",1,"3"
"735",0,"Participant_25","ba",1,"Individual",1,"13"
"736",1,"Participant_25","bat",1,"Individual",1,"13"
"737",2,"Participant_25","bats",1,"Individual",1,"13"
"738",3,"Participant_25","west",1,"Individual",1,"13"
"739",4,"Participant_25","tesla",1,"Individual",1,"13"
"740",6,"Participant_25","best",1,"Individual",1,"13"
"741",7,"Participant_25","bet",1,"Individual",1,"13"
"742",8,"Participant_25","wet",1,"Individual",1,"13"
"743",9,"Participant_25","bets",1,"Individual",1,"13"
"744",10,"Participant_25","wets",1,"Individual",1,"13"
"745",11,"Participant_25","let",1,"Individual",1,"13"
"746",12,"Participant_25","lets",1,"Individual",1,"13"
"747",13,"Participant_25","blast",1,"Individual",1,"13"
"748",14,"Participant_25","blew",1,"Individual",1,"13"
"749",15,"Participant_25","law",1,"Individual",1,"13"
"750",16,"Participant_25","laws",1,"Individual",1,"13"
"751",17,"Participant_25","saw",1,"Individual",1,"13"
"752",18,"Participant_25","sew",1,"Individual",1,"13"
"753",19,"Participant_25","lab",1,"Individual",1,"13"
"754",20,"Participant_25","labs",1,"Individual",1,"13"
"755",21,"Participant_25","tab",1,"Individual",1,"13"
"756",22,"Participant_25","tabs",1,"Individual",1,"13"
"757",23,"Participant_25","able",1,"Individual",1,"13"
"758",24,"Participant_25","table",1,"Individual",1,"13"
"759",25,"Participant_25","tables",1,"Individual",1,"13"
"760",26,"Participant_25","swat",1,"Individual",1,"13"
"761",27,"Participant_25","slaw",1,"Individual",1,"13"
"762",28,"Participant_25","base",1,"Individual",1,"13"
"763",29,"Participant_25","best",1,"Individual",1,"13"
"764",30,"Participant_25","sweat",1,"Individual",1,"13"
"765",0,"Participant_26","west",1,"Individual",1,"7"
"766",1,"Participant_26","salt",1,"Individual",1,"7"
"767",3,"Participant_26","alt",1,"Individual",1,"7"
"768",4,"Participant_26","bat",1,"Individual",1,"7"
"769",5,"Participant_26","law",1,"Individual",1,"7"
"770",6,"Participant_26","tesla",1,"Individual",1,"7"
"771",7,"Participant_26","web",1,"Individual",1,"7"
"772",9,"Participant_26","sweat",1,"Individual",1,"7"
"773",10,"Participant_26","tab",1,"Individual",1,"7"
"774",11,"Participant_26","tables",1,"Individual",1,"7"
"775",12,"Participant_26","table",1,"Individual",1,"7"
"776",13,"Participant_26","set",1,"Individual",1,"7"
"777",14,"Participant_26","swat",1,"Individual",1,"7"
"778",15,"Participant_26","beats",1,"Individual",1,"7"
"779",16,"Participant_26","beat",1,"Individual",1,"7"
"780",17,"Participant_26","bats",1,"Individual",1,"7"
"781",18,"Participant_26","stab",1,"Individual",1,"7"
"782",19,"Participant_26","steal",1,"Individual",1,"7"
"783",20,"Participant_26","seal",1,"Individual",1,"7"
"784",21,"Participant_26","teal",1,"Individual",1,"7"
"785",24,"Participant_26","was",1,"Individual",1,"7"
"786",25,"Participant_26","salt",1,"Individual",1,"7"
"787",26,"Participant_26","last",1,"Individual",1,"7"
"788",27,"Participant_26","wet",1,"Individual",1,"7"
"789",29,"Participant_26","tables",1,"Individual",1,"7"
"790",30,"Participant_26","table",1,"Individual",1,"7"
"791",31,"Participant_26","tab",1,"Individual",1,"7"
"792",32,"Participant_26","steal",1,"Individual",1,"7"
"793",33,"Participant_26","stable",1,"Individual",1,"7"
"794",34,"Participant_26","stab",1,"Individual",1,"7"
"795",35,"Participant_26","stew",1,"Individual",1,"7"
